Handle,Title,Body (HTML),Vendor,Type,Tags,Published,Option1 Name,Option1 Value,Option2 Name,Option2 Value,Option3 Name,Option3 Value,Variant SKU,Variant Grams,Variant Inventory Tracker,Variant Inventory Qty,Variant Inventory Policy,Variant Fulfillment Service,Variant Price,Variant Compare At Price,Variant Requires Shipping,Variant Taxable,Variant Barcode,Image Src,Image Position,Image Alt Text,Gift Card,SEO Title,SEO Description,Google Shopping / Google Product Category,Google Shopping / Gender,Google Shopping / Age Group,Google Shopping / MPN,Google Shopping / AdWords Grouping,Google Shopping / AdWords Labels,Google Shopping / Condition,Google Shopping / Custom Product,Google Shopping / Custom Label 0,Google Shopping / Custom Label 1,Google Shopping / Custom Label 2,Google Shopping / Custom Label 3,Google Shopping / Custom Label 4,Variant Image,Variant Weight Unit,Variant Tax Code,Cost per item,Status
cashmere-bed-socks,100% Cashmere Bed Socks,"<div dir=""ltr"">
<p style=""text-align: left;"">They say true comfort is one of life’s greatest pleasures. And our pure cashmere socks will be one of the most decadent gifts you ever treat your feet to! Created from the finest cashmere, these socks are designed to be durable and stand the test of the time.</p>
<ul>
<li>100% highest grade of Nepalese cashmere </li>
<li>One size fits all </li>
<li>All of our packaging is 100% bio-degradable and eco-friendly.</li>
</ul>
<p style=""text-align: start;""><em><br><br></em></p>
<div><br></div>
</div>",La Sororité,"",Socks,true,Color,DarkGray,,,,,"",500.0,shopify,0,deny,manual,39.99,,true,true,"",https://cdn.shopify.com/s/files/1/0076/4159/5962/products/Socks_civer_image.jpg?v=1603280823,1,La Sororité - 100% Cashmere Bed Socks,false,100% Pure Cashmere Bed Socks for Women | La Sororité,"Treat your feet with a pair of comfortable bed socks made with 100% cashmere wool. Available in different colours, these socks are soft and fluffy to keep you warm throughout the night. Best Quality and Long Durability guaranteed! Comes in sustainable packaging straight from Nepal. Buy now at discounted price.",,,,,,,,,,,,,,https://cdn.shopify.com/s/files/1/0076/4159/5962/products/Grey_sock.jpg?v=1603280823,kg,,,active
cashmere-bed-socks,,,,,,,,Light Gray,,,,,"",500.0,shopify,2,deny,manual,39.99,,true,true,"",https://cdn.shopify.com/s/files/1/0076/4159/5962/products/Grey_sock.jpg?v=1603280823,2,La Sororité - Dark Grey Pure Cashmere Sleep Socks,,,,,,,,,,,,,,,,,https://cdn.shopify.com/s/files/1/0076/4159/5962/products/Purple_sock.jpg?v=1603280823,kg,,19.00,
cashmere-bed-socks,,,,,,,,,,,,,,,,,,,,,,,,https://cdn.shopify.com/s/files/1/0076/4159/5962/products/Purple_sock.jpg?v=1603280823,3,La Sororité - Purple Pure Cashmere Sleep Socks,,,,,,,,,,,,,,,,,,,,,
the-andrea-jumper,The Andrea Jumper,"<div dir=""ltr"">
<div>
<div>
<div style=""text-align: center;"">The Andrea crew-neck cashmere jumper is a jumper you will always want to wear and no-one will forget. The devil is in the detail and we knew if we were going to re-design a classic, we had to do it well. Hand-made with the finest high-grade cashmere, to ensure the perfect fit; classic with a twist, we have added a splash of colour linkage to bring this favourite to life.</div>
</div>
</div>
</div>
<p style=""font-size: 14px; text-align: center;""><br><em>All of our packaging is 100% bio-degradable and sustainable.<br><br></em><span style=""color: #ad8d3e;""><a href=""https://www.lasororite.com/pages/size-guide"" style=""color: #ad8d3e;"">Size Guide</a></span><em><br><br></em></p>
<meta charset=""utf-8"">
<div style=""display: flex;"">
<p style=""display: flex; align-items: center; text-align: center; width: 200px; font-size: 11px;""><img src=""//cdn.shopify.com/s/files/1/0076/4159/5962/files/951608-200_large.png?v=1559239726"" alt="""" width=""30"" height=""30""> 100% Highest grade of Nepalese Cashmere</p>
<p style=""display: flex; align-items: center; text-align: center; width: 200px; font-size: 11px;"">            <img src=""//cdn.shopify.com/s/files/1/0076/4159/5962/files/hand_1078331_large.png?v=1559239933"" alt="""" width=""20"" height=""20"">  Made in our fair-trade factory in Nepal</p>
<p style=""display: flex; align-items: center; text-align: center; width: 200px; font-size: 11px;"">       <img src=""//cdn.shopify.com/s/files/1/0076/4159/5962/files/img_448076_large.png?v=1559240003"" alt="""" width=""25"" height=""25"">  True to size (does not stretch easily)  <br></p>
</div>",La Sororité,"",Jumpers,true,Size,M,,,,,"",680.388555,shopify,1,deny,manual,235.00,,true,true,"",https://cdn.shopify.com/s/files/1/0076/4159/5962/products/Charcole_with_pink3.jpg?v=1602106125,1,La Sororité - Black Andrea Jumper,false,The Andrea Jumper | Women's Round Neck Black Jumper | La Sororité,The Andrea Black Cashmere Jumper made with fine wool from Nepal would keep you warm in vogue. This crew neck knitwear has details to make it the perfect Christmas gift for women. Best Offer - Now in Sale! Find your size and buy right away.,,,,,,,,,,,,,,,lb,,175.00,active
the-andrea-jumper,,,,,,,,,,,,,,,,,,,,,,,,https://cdn.shopify.com/s/files/1/0076/4159/5962/products/Grey_and_pink.jpg?v=1602106149,2,La Sororité - Black Andrea Jumper,,,,,,,,,,,,,,,,,,,,,
the-andrea-jumper,,,,,,,,,,,,,,,,,,,,,,,,https://cdn.shopify.com/s/files/1/0076/4159/5962/products/Grey_and_pink_3.jpg?v=1602106167,3,La Sororité - Black Jumper with detail,,,,,,,,,,,,,,,,,,,,,
the-andrea-jumper,,,,,,,,,,,,,,,,,,,,,,,,https://cdn.shopify.com/s/files/1/0076/4159/5962/products/Grey_and_pink_4.jpg?v=1602106189,4,La Sororité - The Andrea Jumper,,,,,,,,,,,,,,,,,,,,,
the-v-neck-cropped-cashmere-jumper,The Charlotte Jumper,"<p><span style=""color: #9c8716;""><strong>PRE-ORDER NOW AND RECEIVE YOUR JUMPER IN TWO WEEKS.</strong></span></p>
<p>The Charlotte Cropped Cashmere V-neck Jumper is crafted <span data-mce-fragment=""1"">by hand using the finest high-grade Nepalese cashmere. This ultra-soft jumper has double the thickness and comes in a boxy fit. The v-neckline adds a graceful edge, making it the perfect transitional piece and ideal for layering over tailored separates. The burnt orange hue is guaranteed to compliment your wardrobe this fall. We recommend pairing with high-waisted jeans or trousers. </span></p>
<p>All of our packaging is 100% bio-degradable and eco-friendly.</p>
<p><meta charset=""UTF-8""><span style=""color: #9c8716;""><strong><span style=""text-decoration: underline;"" data-mce-style=""text-decoration: underline;""><a style=""color: #9c8716; text-decoration: underline;"" href=""https://www.lasororite.com/pages/size-guide"">S</a>IZE<a style=""color: #9c8716; text-decoration: underline;"" href=""https://www.lasororite.com/pages/size-guide""> G</a>UIDE</span></strong></span></p>",La Sororité,"",Jumpers,true,Size,XS,Color,Cherry Blossom,,,"",0.0,shopify,5,deny,manual,245.00,,true,true,"",https://cdn.shopify.com/s/files/1/0076/4159/5962/products/image_fcdc9d85-aec2-4ad3-99bc-d0d25de5da78.jpg?v=1602438920,1,,false,,,,,,,,,,,,,,,,https://cdn.shopify.com/s/files/1/0076/4159/5962/products/image_9e36bc40-5c5c-4396-b74d-57ee856ee7a4.jpg?v=1604962614,lb,,,active
the-v-neck-cropped-cashmere-jumper,,,,,,,,S,,Cherry Blossom,,,"",0.0,shopify,5,deny,manual,245.00,,true,true,"",https://cdn.shopify.com/s/files/1/0076/4159/5962/products/image_9e36bc40-5c5c-4396-b74d-57ee856ee7a4.jpg?v=1604962614,2,,,,,,,,,,,,,,,,,,https://cdn.shopify.com/s/files/1/0076/4159/5962/products/image_9e36bc40-5c5c-4396-b74d-57ee856ee7a4.jpg?v=1604962614,lb,,,
the-v-neck-cropped-cashmere-jumper,,,,,,,,M,,Cherry Blossom,,,"",0.0,shopify,5,deny,manual,245.00,,true,true,"",https://cdn.shopify.com/s/files/1/0076/4159/5962/products/image.png?v=1604962614,3,,,,,,,,,,,,,,,,,,https://cdn.shopify.com/s/files/1/0076/4159/5962/products/image_9e36bc40-5c5c-4396-b74d-57ee856ee7a4.jpg?v=1604962614,lb,,,
the-v-neck-cropped-cashmere-jumper,,,,,,,,L,,Cherry Blossom,,,"",0.0,shopify,4,deny,manual,245.00,,true,true,"",https://cdn.shopify.com/s/files/1/0076/4159/5962/products/image_c3095b91-bf65-484d-bf88-e05de7a38028.jpg?v=1604962614,4,,,,,,,,,,,,,,,,,,https://cdn.shopify.com/s/files/1/0076/4159/5962/products/image_9e36bc40-5c5c-4396-b74d-57ee856ee7a4.jpg?v=1604962614,lb,,,
the-v-neck-cropped-cashmere-jumper,,,,,,,,XS,,Burnt orange,,,"",0.0,shopify,5,deny,manual,245.00,,true,true,,https://cdn.shopify.com/s/files/1/0076/4159/5962/products/image_d40384b7-f2bc-4436-9558-8e79126c307d.jpg?v=1604962614,5,,,,,,,,,,,,,,,,,,https://cdn.shopify.com/s/files/1/0076/4159/5962/products/image_fcdc9d85-aec2-4ad3-99bc-d0d25de5da78.jpg?v=1602438920,lb,,,
the-v-neck-cropped-cashmere-jumper,,,,,,,,S,,Burnt orange,,,"",0.0,shopify,5,deny,manual,245.00,,true,true,,https://cdn.shopify.com/s/files/1/0076/4159/5962/products/image_0c2c962a-df96-48a6-949d-128041ac2c04.jpg?v=1604962614,6,,,,,,,,,,,,,,,,,,https://cdn.shopify.com/s/files/1/0076/4159/5962/products/image_fcdc9d85-aec2-4ad3-99bc-d0d25de5da78.jpg?v=1602438920,lb,,,
the-v-neck-cropped-cashmere-jumper,,,,,,,,M,,Burnt orange,,,"",0.0,shopify,5,deny,manual,245.00,,true,true,,https://cdn.shopify.com/s/files/1/0076/4159/5962/products/image_4e1acc19-7349-42ab-8341-af8a4ad1e9dd.jpg?v=1604962614,7,,,,,,,,,,,,,,,,,,https://cdn.shopify.com/s/files/1/0076/4159/5962/products/image_fcdc9d85-aec2-4ad3-99bc-d0d25de5da78.jpg?v=1602438920,lb,,,
the-v-neck-cropped-cashmere-jumper,,,,,,,,L,,Burnt orange,,,"",0.0,shopify,5,deny,manual,245.00,,true,true,,https://cdn.shopify.com/s/files/1/0076/4159/5962/products/image_94c476a6-e486-4315-9d24-6baad2ac7ccc.jpg?v=1604962614,8,,,,,,,,,,,,,,,,,,https://cdn.shopify.com/s/files/1/0076/4159/5962/products/image_fcdc9d85-aec2-4ad3-99bc-d0d25de5da78.jpg?v=1602438920,lb,,,
the-v-neck-cropped-cashmere-jumper,,,,,,,,,,,,,,,,,,,,,,,,https://cdn.shopify.com/s/files/1/0076/4159/5962/products/image_25f19f57-5924-434d-9006-b3147c7710f9.jpg?v=1604962614,9,,,,,,,,,,,,,,,,,,,,,,
red-pink-cardigan,The Elisabetta Cardigan,"<div style=""text-align: left;"" data-mce-style=""text-align: left;""><span style=""color: #9b8615;""><strong>PRE-ORDER NOW AND RECEIVE YOUR JUMPER IN TWO WEEKS.</strong></span></div>
<div style=""text-align: left;"" data-mce-style=""text-align: left;""><span style=""color: #ffffff;""><strong>H</strong></span></div>
<div style=""text-align: left;"" data-mce-style=""text-align: left;""><span style=""color: #9b8615;""><strong></strong></span></div>
<div style=""text-align: center;"">The Elisabetta crew neck cashmere cardigan is crafted by hand using the finest high-grade Nepalese cashmere. This cardigan is the perfect piece for transitional dressing and can be worn solo or layered over loose shirts, making it an indispensable piece in your wardrobe. Choose from raspberry red hue with contrasting pink or inkwell blue with preppy green edging equally providing that renowned La Sororité classic feel.  </div>
<div style=""text-align: center;""><span style=""color: #ffffff;"">h</span></div>
<div style=""text-align: center;"">
<meta charset=""utf-8"">
<div><strong><span style=""color: #9c8716;"">Perfect for layering or wearing on its own</span></strong></div>
<div><strong><span style=""color: #9c8716;"">Long, split sleeve detail</span></strong></div>
<div><strong><span style=""color: #9c8716;"">Crew neck and buttons down the front </span></strong></div>
</div>
<div style=""text-align: center;""><span style=""color: #9c8716;""><meta charset=""utf-8""></span></div>
<div style=""text-align: center;""><span style=""color: #9c8716; font-size: 1.4em;""></span></div>
<div style=""text-align: center;"">
<ul></ul>
</div>
<div style=""text-align: center;"">All of our packaging is bio-degradable and eco-friendly.</div>
<div style=""text-align: center;""><span style=""color: #ffffff;"">H</span></div>
<div style=""text-align: center;""><span style=""color: #9c8716;""><strong><span style=""text-decoration: underline;"" data-mce-style=""text-decoration: underline;""><a style=""color: #9c8716; text-decoration: underline;"" href=""https://www.lasororite.com/pages/size-guide"">S</a>IZE<a style=""color: #9c8716; text-decoration: underline;"" href=""https://www.lasororite.com/pages/size-guide""> G</a>UIDE</span></strong></span></div>",La Sororité,"",Jumpers,true,Size,XS,Colour,Raspberry Red,,,"",0.0,shopify,5,deny,manual,245.00,,true,true,"",https://cdn.shopify.com/s/files/1/0076/4159/5962/products/image00001.jpg?v=1604268625,1,La Sororité - Red-Pink Cashmere Cardigan,false,The Elisabetta Cardigan | Red-Pink Knitted Cashmere | La Sororité ,"The Elisabetta crew neck cashmere cardigan for women is crafted by hand using the finest high-grade Nepalese cashmere. This red-pink superior woollen knitwear is the perfect piece for transitional dressing and can be worn solo or layered over loose shirts, making it an indispensable piece in your wardrobe. ",,,,,,,,,,,,,,,lb,,,active
red-pink-cardigan,,,,,,,,S,,Raspberry Red,,,"",0.0,shopify,4,deny,manual,245.00,,true,true,"",https://cdn.shopify.com/s/files/1/0076/4159/5962/products/image00002.jpg?v=1604268625,2,La Sororité - Pure Cashmere Cardigan,,,,,,,,,,,,,,,,,,lb,,,
red-pink-cardigan,,,,,,,,M,,Raspberry Red,,,"",0.0,shopify,2,deny,manual,245.00,,true,true,"",https://cdn.shopify.com/s/files/1/0076/4159/5962/products/image00003.jpg?v=1604268625,3,La Sororité - Nepalese Cashmere Cardigan,,,,,,,,,,,,,,,,,,lb,,,
red-pink-cardigan,,,,,,,,L,,Raspberry Red,,,"",0.0,shopify,5,deny,manual,245.00,,true,true,"",https://cdn.shopify.com/s/files/1/0076/4159/5962/products/image_89d46433-eb19-4503-a6c7-3993196d75e8.jpg?v=1604268626,4,,,,,,,,,,,,,,,,,,,lb,,,
red-pink-cardigan,,,,,,,,XS,,Inkwell Navy,,,"",0.0,shopify,2,deny,manual,245.00,,true,true,"",https://cdn.shopify.com/s/files/1/0076/4159/5962/products/image_7d9b6dcc-7529-4f72-8016-c7276a5e87ee.jpg?v=1604268626,5,La Sororité - Sleeve of Elisabetta Cardigan,,,,,,,,,,,,,,,,,https://cdn.shopify.com/s/files/1/0076/4159/5962/products/Screen_Shot_2020-10-29_at_12.27.06.png?v=1604268626,lb,,,
red-pink-cardigan,,,,,,,,S,,Inkwell Navy,,,"",0.0,shopify,2,deny,manual,245.00,,true,true,"",https://cdn.shopify.com/s/files/1/0076/4159/5962/products/image_c5794325-e03a-4496-945a-fa4a260cd48d.jpg?v=1604268626,6,,,,,,,,,,,,,,,,,,,lb,,,
red-pink-cardigan,,,,,,,,M,,Inkwell Navy,,,"",0.0,shopify,2,deny,manual,245.00,,true,true,"",https://cdn.shopify.com/s/files/1/0076/4159/5962/products/Screen_Shot_2020-10-29_at_12.27.06.png?v=1604268626,7,,,,,,,,,,,,,,,,,,,lb,,,
red-pink-cardigan,,,,,,,,L,,Inkwell Navy,,,"",0.0,shopify,2,deny,manual,245.00,,true,true,"",,,,,,,,,,,,,,,,,,,,,lb,,,
the-emmeline-jumper,The Emmeline Jumper,"<p style=""font-size: 14px; text-align: center;""><span></span>Crafted from the loving hands of our Nepalese ateliers, using the finest luxury cashmere, our Two Tone jumper is the perfect staple piece for your AW19 wardrobe. Complete with modern ribbed detailing and finished with sleek deep sits on each side, this contemporary jumper is designed to see you through from day-to-night in style.<br><br><em>All of our packaging is bio-degradable and sustainable.<br><br></em><a href=""https://www.lasororite.com/pages/size-guide""><span style=""color: #902f2f;""><span color=""#a88b40"" style=""color: #a88b40;"">Size Guide</span></span></a><em><br><br></em></p>
<meta charset=""utf-8"">
<div style=""display: flex;"">
<p style=""display: flex; align-items: center; text-align: center; width: 200px; font-size: 11px;""><img src=""//cdn.shopify.com/s/files/1/0076/4159/5962/files/951608-200_large.png?v=1559239726"" alt="""" width=""30"" height=""30""> 100% Highest grade of Nepalese Cashmere</p>
<p style=""display: flex; align-items: center; text-align: center; width: 200px; font-size: 11px;"">            <img src=""//cdn.shopify.com/s/files/1/0076/4159/5962/files/hand_1078331_large.png?v=1559239933"" alt="""" width=""20"" height=""20"">  Made in our fair-trade factory in Nepal</p>
<p style=""display: flex; align-items: center; text-align: center; width: 200px; font-size: 11px;"">       <img src=""//cdn.shopify.com/s/files/1/0076/4159/5962/files/img_448076_large.png?v=1559240003"" alt="""" width=""25"" height=""25"">  True to size (does not stretch easily)</p>
</div>",La Sororité,"",Jumpers,true,Size,XS,,,,,"",500.0,shopify,2,deny,manual,215.00,,true,true,"",https://cdn.shopify.com/s/files/1/0076/4159/5962/products/Two_tone_3.jpg?v=1602172190,1,La Sororité - Grey and Black Jumper,false,The Emmeline Jumper | Grey and Black Knitwear | La Sororité,"Crafted by our Nepalese ateliers, using the finest luxury cashmere, our Two Tone jumper is the perfect staple piece for every women's wardrobe. Complete with modern ribbed detailing and finished with sleek deep sits on each side, this contemporary woollen round-neck jumper is available in wide range of sizes. ",,,,,,,,,,,,,,,kg,,85.00,active
the-emmeline-jumper,,,,,,,,S,,,,,"",680.388555,shopify,5,deny,manual,215.00,,true,true,"",https://cdn.shopify.com/s/files/1/0076/4159/5962/products/Cover_for_two_tone.jpg?v=1602172213,2,La Sororité - Round Neck Knit Jumper,,,,,,,,,,,,,,,,,,lb,,85.00,
the-emmeline-jumper,,,,,,,,M,,,,,"",680.388555,shopify,6,deny,manual,215.00,,true,true,"",https://cdn.shopify.com/s/files/1/0076/4159/5962/products/Two_tone_4.jpg?v=1602172239,3,La Sororité - Grey Black Woollen Jumper,,,,,,,,,,,,,,,,,,lb,,85.00,
the-emmeline-jumper,,,,,,,,L,,,,,"",680.388555,shopify,0,deny,manual,215.00,,true,true,"",,,,,,,,,,,,,,,,,,,,,lb,,85.00,
the-eva-jumper,The Eva Jumper,"<div dir=""ltr"">
<div>
<div>
<div style=""text-align: center;"">The grey with neon crew-neck cashmere jumper is a jumper you will always want to wear and no-one will forget. The devil is in the detail and we knew if we were going to re-design a classic, we had to do it well. Hand-made with the finest high-grade cashmere, to ensure the perfect fit; classic with a twist, we have added a splash of colour linkage to bring this favourite to life.</div>
</div>
</div>
</div>
<div style=""font-size: 14px; text-align: center;"">
<br><em>All of our packaging is bio-degradable and sustainable.<br><br></em>
</div>
<p style=""font-size: 14px; text-align: center;""><span style=""color: #511b1b;""><a href=""https://www.lasororite.com/pages/size-guide""><span color=""#a88b40"" style=""color: #a88b40;"">Size Guide</span></a><a href=""https://la-sororite.myshopify.com/admin/themes/78926315609/editor#/pages/size-guide""><br><br><span color=""#a88b40"" style=""color: #a88b40;"">Model Measurement: Height 181cm Bust 91cm Waist 66.5cm </span><br><br></a></span></p>
<meta charset=""utf-8"">
<div style=""display: flex;"">
<p style=""display: flex; align-items: center; text-align: center; width: 200px; font-size: 11px;""><img src=""//cdn.shopify.com/s/files/1/0076/4159/5962/files/951608-200_large.png?v=1559239726"" alt="""" width=""30"" height=""30""> 100% Highest grade of Nepalese Cashmere</p>
<p style=""display: flex; align-items: center; text-align: center; width: 200px; font-size: 11px;"">            <img src=""//cdn.shopify.com/s/files/1/0076/4159/5962/files/hand_1078331_large.png?v=1559239933"" alt="""" width=""20"" height=""20"">  Made in our fair-trade factory in Nepal</p>
<p style=""display: flex; align-items: center; text-align: center; width: 200px; font-size: 11px;"">       <img src=""//cdn.shopify.com/s/files/1/0076/4159/5962/files/img_448076_large.png?v=1559240003"" alt="""" width=""25"" height=""25"">  True to size (does not stretch easily)</p>
</div>",La Sororité,"",Jumpers,true,Size,XS,,,,,"",500.0,shopify,1,deny,manual,235.00,,true,true,"",https://cdn.shopify.com/s/files/1/0076/4159/5962/products/Grey_neon_image_4.jpg?v=1602172306,1,La Sororité - Grey Jumper,false,The Eva Jumper | Grey Knitwear with Neon Detail | La Sororité,"The grey crew-neck cashmere jumper is a knitwear no-one will forget. Hand-made in Nepal with the finest high-grade cashmere, to ensure the perfect fit.  We have added a splash of neon to bring this favourite women's winterwear to life. Order your Jumper now - On Sale, Different sizes available. ",,,,,,,,,,,,,,,kg,,85.00,active
the-eva-jumper,,,,,,,,S,,,,,"",680.388555,shopify,0,deny,manual,235.00,,true,true,"",https://cdn.shopify.com/s/files/1/0076/4159/5962/products/Grey_neon_image_1_1.jpg?v=1602172326,2,La Sororité - Woollen Crew Neck Jumper,,,,,,,,,,,,,,,,,,lb,,85.00,
the-eva-jumper,,,,,,,,M,,,,,"",680.388555,shopify,0,deny,manual,235.00,,true,true,"",https://cdn.shopify.com/s/files/1/0076/4159/5962/products/Grey_neon_image_2.jpg?v=1602172371,3,La Sororité - Round Neck Grey Jumper,,,,,,,,,,,,,,,,,,lb,,85.00,
the-eva-jumper,,,,,,,,L,,,,,"",680.388555,shopify,0,deny,manual,235.00,,true,true,"",https://cdn.shopify.com/s/files/1/0076/4159/5962/products/Grey_neon_image_3.jpg?v=1602172388,4,La Sororité - Grey Knitwear with Details,,,,,,,,,,,,,,,,,,lb,,85.00,
the-madelina-jumper-100-cashmere,The Isabel Jumper,"<p style=""font-size: 14px; text-align: center;""><span></span>Crafted from the loving hands of our Nepalese ateliers, using the finest luxury cashmere, our Navy jumper is the perfect staple piece for your AW19 wardrobe. Complete with modern ribbed detailing and finished with sleek deep sits on each side, this contemporary jumper is designed to see you through from day-to-night in style.<br><br><em>Enjoy our cashmere with a conscience as all of our packaging is almost 100% bio-degradable and sustainable.<br><br></em><span style=""color: #431616;""><a href=""https://www.lasororite.com/pages/size-guide""><font color=""#a88b40"">Size Guide</font></a><a href=""https://la-sororite.myshopify.com/admin/themes/78926315609/editor#/pages/size-guide""><br><br></a></span></p>
<meta charset=""utf-8"">
<div style=""display: flex;"">
<p style=""display: flex; align-items: center; text-align: center; width: 200px; font-size: 11px;""><img src=""//cdn.shopify.com/s/files/1/0076/4159/5962/files/951608-200_large.png?v=1559239726"" alt="""" width=""30"" height=""30""> 100% Highest grade of Nepalese Cashmere</p>
<p style=""display: flex; align-items: center; text-align: center; width: 200px; font-size: 11px;"">            <img src=""//cdn.shopify.com/s/files/1/0076/4159/5962/files/hand_1078331_large.png?v=1559239933"" alt="""" width=""20"" height=""20"">  Made in our fair-trade factory in Nepal</p>
<p style=""display: flex; align-items: center; text-align: center; width: 200px; font-size: 11px;"">       <img src=""//cdn.shopify.com/s/files/1/0076/4159/5962/files/img_448076_large.png?v=1559240003"" alt="""" width=""25"" height=""25"">  True to size (does not stretch easily)</p>
</div>",La Sororité,"",Jumpers,true,Size,XS,,,,,"",500.0,shopify,0,deny,manual,185.00,,true,true,"",https://cdn.shopify.com/s/files/1/0076/4159/5962/products/Navy_blue_image_3.jpg?v=1602172739,1,La Sororité - Navy Jumper for Women,false,The Isabel Jumper | Cashmere Navy Crew-Neck Knitwear | La Sororité,"Crafted from the loving hands of our Nepalese ateliers, using the finest luxury cashmere, our soft Navy jumper is the perfect staple piece for every women's AW20 wardrobe. With the right details and a crew-neck, this is an all time favourite comfy knitwear. Find your size and Order right away!",,,,,,,,,,,,,,,kg,,195.00,active
the-madelina-jumper-100-cashmere,,,,,,,,S,,,,,"",500.0,shopify,0,deny,manual,185.00,,true,true,"",https://cdn.shopify.com/s/files/1/0076/4159/5962/products/Navy_blue_image_1.jpg?v=1602172793,2,La Sororité - Round Neck Blue Cashmere Jumper ,,,,,,,,,,,,,,,,,,kg,,195.00,
the-madelina-jumper-100-cashmere,,,,,,,,M,,,,,"",680.388555,shopify,0,deny,manual,185.00,,true,true,"",https://cdn.shopify.com/s/files/1/0076/4159/5962/products/Navy_blue_image_2.jpg?v=1602172781,3,La Sororité - Navy Woollen Knitwear ,,,,,,,,,,,,,,,,,,lb,,195.00,
the-madelina-jumper-100-cashmere,,,,,,,,L,,,,,"",680.388555,shopify,0,deny,manual,185.00,,true,true,"",,,,,,,,,,,,,,,,,,,,,lb,,195.00,
the-madeline-jumper,The Madeleine Jumper,"<div dir=""ltr"">
<div>
<div>
<div style=""text-align: center;"">﻿The Madeleine crew-neck cashmere jumper is a jumper you will always want to wear and no-one will forget. The devil is in the detail and we knew if we were going to re-design a classic, we had to do it well. Hand-made with the finest high-grade cashmere, to ensure the perfect fit; classic with a twist, we have added a splash of colour linkage to bring this favourite to life.</div>
</div>
</div>
</div>
<div style=""font-size: 14px; text-align: center;"">
<br><br><em>All of our packaging is bio-degradable and sustainable.<br><br></em><span style=""color: #d34242;""><a href=""https://www.lasororite.com/pages/size-guide""><span color=""#a88b40"" style=""color: #a88b40;"">Size Guide</span></a><em><br><br></em></span>
</div>
<meta charset=""utf-8"">
<div style=""display: flex;"">
<p style=""display: flex; align-items: center; text-align: center; width: 200px; font-size: 11px;""><img src=""//cdn.shopify.com/s/files/1/0076/4159/5962/files/951608-200_large.png?v=1559239726"" alt="""" width=""30"" height=""30""> 100% Highest grade of Nepalese Cashmere</p>
<p style=""display: flex; align-items: center; text-align: center; width: 200px; font-size: 11px;"">            <img src=""//cdn.shopify.com/s/files/1/0076/4159/5962/files/hand_1078331_large.png?v=1559239933"" alt="""" width=""20"" height=""20"">  Made in our fair-trade factory in Nepal</p>
<p style=""display: flex; align-items: center; text-align: center; width: 200px; font-size: 11px;"">       <img src=""//cdn.shopify.com/s/files/1/0076/4159/5962/files/img_448076_large.png?v=1559240003"" alt="""" width=""25"" height=""25"">  True to size (does not stretch easily)</p>
</div>",La Sororité,"",Jumpers,true,Size,XS,,,,,"",500.0,shopify,0,deny,manual,215.00,,true,true,"",https://cdn.shopify.com/s/files/1/0076/4159/5962/products/lasororite-207.jpg?v=1602174031,1,La Sororité - Grey Knitwear Jumper,false,The Madeleine Jumper | Grey Jumper with Navy detail | La Sororité,"This soft, comfortable Grey Jumper is crafted by our Nepalese ateliers, using the finest luxury cashmere. The Navy Blue details on the Sleeves and the Crew-neck makes this knitwear a perfect staple piece for every women's AW20 wardrobe. This woollen jumper is available in a wide range of sizes. On Sale, Buy Now!",,,,,,,,,,,,,,,kg,,85.00,active
the-madeline-jumper,,,,,,,,S,,,,,"",680.388555,shopify,4,deny,manual,215.00,,true,true,"",https://cdn.shopify.com/s/files/1/0076/4159/5962/products/Oatmeal_with_navy.jpg?v=1602174055,2,La Sororité - Grey Jumper for Women with Navy Blue Detail,,,,,,,,,,,,,,,,,,lb,,85.00,
the-madeline-jumper,,,,,,,,M,,,,,"",680.388555,shopify,7,deny,manual,215.00,,true,true,"",https://cdn.shopify.com/s/files/1/0076/4159/5962/products/lasororite-137.jpg?v=1602174076,3,La Sororité - Cashmere Jumper from Nepal,,,,,,,,,,,,,,,,,,lb,,85.00,
the-madeline-jumper,,,,,,,,L,,,,,"",680.388555,shopify,0,deny,manual,215.00,,true,true,"",https://cdn.shopify.com/s/files/1/0076/4159/5962/products/lasororite-191.jpg?v=1602174103,4,"La Sororité - Soft, Stylish Grey Jumper",,,,,,,,,,,,,,,,,,lb,,85.00,
the-madeline-jumper,,,,,,,,,,,,,,,,,,,,,,,,https://cdn.shopify.com/s/files/1/0076/4159/5962/products/lasororite-202.jpg?v=1602174132,5,La Sororité - Woollen Crew-Neck Knitwear ,,,,,,,,,,,,,,,,,,,,,
camel-yellow-cropped-jumper,The Maeva Jumper,"<div style=""text-align: center;""><span style=""color: #9c8716;"" data-mce-style=""color: #9c8716;""><strong></strong></span></div>
<div style=""text-align: center;"">The Maeva cropped crew neck cashmere jumper is crafted by hand using the finest high-grade Nepalese cashmere. This jumper is cut to a fitted, crew neck silhouette and features neat ribbed detailing, adding an element of timelessness to it. The subtle addition of yellow gives a contemporary feel to this classic, epitomising La Sororité's 'classic and elegant' aesthetic. <span data-mce-fragment=""1"">This cropped style is best paired with high-waisted jeans or trousers.</span>
</div>
<div style=""text-align: center;""><span data-mce-fragment=""1"" style=""color: #ffffff;"">h</span></div>
<div style=""text-align: center;""><span>All of our packaging is bio-degradable and eco-friendly.</span></div>
<div style=""text-align: center;""><span style=""color: #ffffff;"">h</span></div>
<div style=""text-align: center;""><span></span></div>
<div style=""text-align: center;""><span><meta charset=""UTF-8""> <span style=""color: #9c8716;""><strong><span style=""text-decoration: underline;"" data-mce-style=""text-decoration: underline;""><a style=""color: #9c8716; text-decoration: underline;"" href=""https://www.lasororite.com/pages/size-guide"">S</a>IZE<a style=""color: #9c8716; text-decoration: underline;"" href=""https://www.lasororite.com/pages/size-guide""> G</a>UIDE</span></strong></span></span></div>",La Sororité,"",Jumpers,true,Size,XS,,,,,"",0.0,shopify,5,deny,manual,175.00,,true,true,"",https://cdn.shopify.com/s/files/1/0076/4159/5962/products/ScreenShot2020-10-14at13.36.27.png?v=1602679065,1,,false,The Maeva Jumper | Beige Cropped Crew-Neck Jumper | La Sororité,"The Maeva cropped crew neck cashmere jumper is crafted by hand using the finest high-grade Nepalese cashmere. This luxurious women's woollen crew-neck knitwear has a subtle addition of yellow giving a classic, elegant aesthetic. Available in different sizes, this soft, comfortable jumper is on sale. ",,,,,,,,,,,,,,,lb,,,active
camel-yellow-cropped-jumper,,,,,,,,S,,,,,"",0.0,shopify,5,deny,manual,175.00,,true,true,"",https://cdn.shopify.com/s/files/1/0076/4159/5962/products/image_f1f95346-7d0e-4daf-9b56-7e0222427de3.jpg?v=1604741601,2,,,,,,,,,,,,,,,,,,,lb,,,
camel-yellow-cropped-jumper,,,,,,,,M,,,,,"",0.0,shopify,5,deny,manual,175.00,,true,true,"",https://cdn.shopify.com/s/files/1/0076/4159/5962/products/image_e118d8fc-42b1-4c49-9979-9d0b85787671.jpg?v=1604741601,3,La Sororité - Camel Yellow Cashmere Jumper,,,,,,,,,,,,,,,,,,lb,,,
camel-yellow-cropped-jumper,,,,,,,,L,,,,,"",0.0,shopify,5,deny,manual,175.00,,true,true,"",https://cdn.shopify.com/s/files/1/0076/4159/5962/products/image_900cfdb9-65e3-4c7c-b0df-efac288243b4.jpg?v=1604265176,4,La Sororité - Cropped jumper with Yellow Detail,,,,,,,,,,,,,,,,,,lb,,,
camel-yellow-cropped-jumper,,,,,,,,,,,,,,,,,,,,,,,,https://cdn.shopify.com/s/files/1/0076/4159/5962/products/image_c2d55f4d-98c1-4569-a4e4-031e2c6c59aa.jpg?v=1604265176,5,La Sororité - Cropped Woollen Knitwear,,,,,,,,,,,,,,,,,,,,,
green-pink-cropped-jumper,The Mia Jumper,"<div style=""text-align: center;""><span style=""color: #9c8716;""><strong>PRE-ORDER NOW AND RECEIVE YOUR JUMPER IN TWO WEEKS.</strong></span></div>
<div style=""text-align: center;""><span style=""color: #ffffff;""><strong>h</strong></span></div>
<div style=""text-align: center;""><span style=""color: #9c8716;""><strong></strong></span></div>
<div style=""text-align: center;"">The Mia cropped crew neck cashmere jumper is crafted by hand using the finest high-grade Nepalese cashmere. This jumper is cut to a fitted and timeless silhouette, featuring a classic crew neck and ribbed detailing for a tactile finish. The effortlessness in design provides a luxurious, everyday layering option making it a staple piece that you'll get plenty of wear out of. The pine green hue with contrasting pink adds interest to this classic yet contemporary piece. This cropped style is best paired with high-waisted jeans or trousers. </div>
<div style=""text-align: center;""><span style=""color: #ffffff;"">h</span></div>
<div style=""text-align: center;""></div>
<div style=""text-align: center;"">
<meta charset=""utf-8""> <span>All </span><span>of our packaging is bio-degradable and eco-friendly.</span>
</div>
<div style=""text-align: center;""><span style=""color: #ffffff;"">h</span></div>
<div style=""text-align: center;""><span></span></div>
<div style=""text-align: center;"">
<span><meta charset=""UTF-8""> <span style=""color: #9c8716;""><strong><span style=""text-decoration: underline;"" data-mce-style=""text-decoration: underline;""><a style=""color: #9c8716; text-decoration: underline;"" href=""https://www.lasororite.com/pages/size-guide"">S</a>IZE<a style=""color: #9c8716; text-decoration: underline;"" href=""https://www.lasororite.com/pages/size-guide""> G</a>UIDE</span></strong></span></span> </div>",La Sororité,"",Jumpers,true,Size,XS,,,,,"",0.0,shopify,5,deny,manual,175.00,,true,true,"",https://cdn.shopify.com/s/files/1/0076/4159/5962/products/image_aec8ec7e-e781-4a1a-bb0f-db4f3674f697.jpg?v=1603282835,1,,false,Mia Jumper | Pine Green Cropped Jumper with Pink Detail | La Sororité,The Mia cropped crew neck cashmere jumper is crafted by hand using the finest high-grade Nepalese cashmere. The pine green hue with contrasting pink adds interest to this classic yet contemporary knitwear piece. This women's Ultra-soft and Comfortable jumper is a must-have for your Winter wardrobe. On Sale Now!,,,,,,,,,,,,,,,lb,,,active
green-pink-cropped-jumper,,,,,,,,S,,,,,"",0.0,shopify,5,deny,manual,175.00,,true,true,"",https://cdn.shopify.com/s/files/1/0076/4159/5962/products/image_6d67b4bf-dc16-45cc-904b-b8be7db0960f.jpg?v=1603282835,2,,,,,,,,,,,,,,,,,,,lb,,,
green-pink-cropped-jumper,,,,,,,,M,,,,,"",0.0,shopify,5,deny,manual,175.00,,true,true,"",https://cdn.shopify.com/s/files/1/0076/4159/5962/products/image_fd3c1e96-5d2c-4cad-8841-9a3c6c50e5de.jpg?v=1603282835,3,La Sororité - Pine Green Jumper with Pink Detail,,,,,,,,,,,,,,,,,,lb,,,
green-pink-cropped-jumper,,,,,,,,L,,,,,"",0.0,shopify,5,deny,manual,175.00,,true,true,"",https://cdn.shopify.com/s/files/1/0076/4159/5962/products/image.jpg?v=1603282835,4,La Sororité - Woollen Knitwear Jumper,,,,,,,,,,,,,,,,,,lb,,,
the-molly-jumper,The Molly Jumper,"<p style=""font-size: 14px; text-align: center;""><span></span>Crafted from the loving hands of our Nepalese ateliers, using the finest luxury cashmere, our Cream jumper is the perfect staple piece for your AW20 wardrobe. Complete with modern ribbed detailing and finished with sleek deep sits on each side, this contemporary jumper is designed to see you through from day-to-night in style.<br><br><em><meta charset=""utf-8"">
<span data-mce-fragment=""1"">All </span><span data-mce-fragment=""1"">of our packaging is bio-degradable and eco-friendly.</span><br><br></em><span style=""color: #651f1f;""><a href=""https://la-sororite.myshopify.com/admin/themes/78926315609/editor#/pages/size-guide"" style=""color: #a88b40;"">Size Guide</a></span><em><br><br></em></p>
<meta charset=""utf-8"">
<div style=""display: flex;"">
<p style=""display: flex; align-items: center; text-align: center; width: 200px; font-size: 11px;""><img src=""//cdn.shopify.com/s/files/1/0076/4159/5962/files/951608-200_large.png?v=1559239726"" alt="""" width=""30"" height=""30""> 100% Highest grade of Nepalese Cashmere</p>
<p style=""display: flex; align-items: center; text-align: center; width: 200px; font-size: 11px;"">            <img src=""//cdn.shopify.com/s/files/1/0076/4159/5962/files/hand_1078331_large.png?v=1559239933"" alt="""" width=""20"" height=""20"">  Made in our fair-trade factory in Nepal</p>
<p style=""display: flex; align-items: center; text-align: center; width: 200px; font-size: 11px;"">       <img src=""//cdn.shopify.com/s/files/1/0076/4159/5962/files/img_448076_large.png?v=1559240003"" alt="""" width=""25"" height=""25"">  True to size (does not stretch easily)</p>
</div>",La Sororité,"",Jumpers,true,Size,XS,,,,,"",500.0,shopify,0,deny,manual,185.00,,true,true,"",https://cdn.shopify.com/s/files/1/0076/4159/5962/products/Cream.jpg?v=1602175990,1,La Sororité - Cream Cashmere jumper,false,The Molly Jumper | Cream Crew-Neck Jumper | La Sororité,"Crafted from the loving hands of our Nepalese ateliers, using the finest luxury cashmere, our Cream Crew-Neck jumper is the perfect staple piece for every women's AW20 wardrobe. This soft, top-quality woollen knitwear is available in a wide variety of sizes. Find your perfect fit! ",,,,,,,,,,,,,,,kg,,195.00,active
the-molly-jumper,,,,,,,,S,,,,,"",680.388555,shopify,0,deny,manual,185.00,,true,true,"",https://cdn.shopify.com/s/files/1/0076/4159/5962/products/Cream_2.jpg?v=1602176009,2,La Sororité - Cream Jumper from Nepal,,,,,,,,,,,,,,,,,,lb,,195.00,
the-molly-jumper,,,,,,,,M,,,,,"",680.388555,shopify,0,deny,manual,185.00,,true,true,"",https://cdn.shopify.com/s/files/1/0076/4159/5962/products/CreM.jpg?v=1602176026,3,La Sororité - Women's Woollen Knitwear,,,,,,,,,,,,,,,,,,lb,,195.00,
the-molly-jumper,,,,,,,,L,,,,,"",680.388555,shopify,0,deny,manual,185.00,,true,true,"",https://cdn.shopify.com/s/files/1/0076/4159/5962/products/Cream_cover.jpg?v=1602176049,4,La Sororité - Round Neck Cream Jumper,,,,,,,,,,,,,,,,,,lb,,195.00,
the-savona-jumper,The Savona Jumper,"<p style=""font-size: 14px; text-align: center;""><span></span>Crafted from the loving hands of our Nepalese ateliers, using the finest luxury cashmere, our Oatmeal jumper is the perfect staple piece for your wardrobe. Complete with modern ribbed detailing and finished with sleek deep sits on each side, this contemporary jumper is designed to see you through from day-to-night in style.<br><br><em><meta charset=""utf-8"">
<span data-mce-fragment=""1"">All </span><span data-mce-fragment=""1"">of our packaging is bio-degradable and eco-friendly.</span><br><br></em><span style=""color: #a88b40;"">Size Guide<br><br></span></p>
<meta charset=""utf-8"">
<div style=""display: flex;"">
<p style=""display: flex; align-items: center; text-align: center; width: 200px; font-size: 11px;""><img src=""//cdn.shopify.com/s/files/1/0076/4159/5962/files/951608-200_large.png?v=1559239726"" alt="""" width=""30"" height=""30""> 100% highest grade of Nepalese Cashmere</p>
<p style=""display: flex; align-items: center; text-align: center; width: 200px; font-size: 11px;"">            <img src=""//cdn.shopify.com/s/files/1/0076/4159/5962/files/hand_1078331_large.png?v=1559239933"" alt="""" width=""20"" height=""20"">  Made in our ethical workplace in Kathmandu</p>
<p style=""display: flex; align-items: center; text-align: center; width: 200px; font-size: 11px;"">       <img src=""//cdn.shopify.com/s/files/1/0076/4159/5962/files/img_448076_large.png?v=1559240003"" alt="""" width=""25"" height=""25"">  True to size (does not stretch easily)</p>
</div>",La Sororité,"",Jumpers,true,Size,XS,,,,,"",500.0,shopify,2,deny,manual,235.00,,true,true,"",https://cdn.shopify.com/s/files/1/0076/4159/5962/products/Oatmeal_2.jpg?v=1602176090,1,La Sororité - Oatmeal Grey Jumper,false,The Savona Jumper | Oatmeal Grey Crew-Neck Jumper | La Sororité,"Crafted from the loving hands of our Nepalese ateliers, using the finest luxury cashmere, our Oatmeal jumper is the perfect staple piece for every women's wardrobe. This soft, comfortable woollen knitwear with crew-neck is elegant and a Winter must-have. Available in different sizes. Now On Sale, Order right away!",,,,,,,,,,,,,,,kg,,85.00,active
the-savona-jumper,,,,,,,,S,,,,,"",680.388555,shopify,0,deny,manual,235.00,,true,true,"",https://cdn.shopify.com/s/files/1/0076/4159/5962/products/Oatmeal.jpg?v=1602176111,2,La Sororité - Cashmere Round Neck Knitwear ,,,,,,,,,,,,,,,,,,lb,,85.00,
the-savona-jumper,,,,,,,,M,,,,,"",680.388555,shopify,3,deny,manual,235.00,,true,true,"",https://cdn.shopify.com/s/files/1/0076/4159/5962/products/Cover_for_oatmeal.jpg?v=1602176138,3,La Sororité - Women's Woollen Soft Jumper,,,,,,,,,,,,,,,,,,lb,,85.00,
the-savona-jumper,,,,,,,,L,,,,,"",680.388555,shopify,0,deny,manual,235.00,,true,true,"",,,,,,,,,,,,,,,,,,,,,lb,,85.00,
gift-cards,The Sororité Giftcard,Want to treat someone you love but not sure which cashmere jumper is right for them? Why not let them choose with our giftcards? We will send a beautiful handwritten note to give them the invitation to come and redeem their gift and find their soon-to-be favourite cashmere jumper.,La Sororité,"",Gift Card,true,Denominations,£50.00,,,,,"",0.0,,0,deny,gift_card,50.00,,false,false,,https://cdn.shopify.com/s/files/1/0076/4159/5962/products/lasororite-156.jpg?v=1590498015,1,,true,The Sororité Giftcard | Women's Cashmere Knitwear | La Sororité ,Want to treat someone you love? Our luxurious cashmere bed socks and jumpers would make a perfect gift set! Buy a Sororité Giftcard online and we will send your loved ones a handwritten note to give them the invitation to redeem their voucher and find their soon-to-be favourite cashmere straight from Nepal. ,,,,,,,,,,,,,,,lb,,,active
gift-cards,,,,,,,,£100.00,,,,,"",0.0,,0,deny,gift_card,100.00,,false,false,,https://cdn.shopify.com/s/files/1/0076/4159/5962/products/ScreenShot2020-05-29at13.59.05.png?v=1590757247,2,,,,,,,,,,,,,,,,,,,lb,,,
gift-cards,,,,,,,,£150.00,,,,,"",0.0,,-1,deny,gift_card,150.00,,false,false,,,,,,,,,,,,,,,,,,,,,,lb,,,
gift-cards,,,,,,,,£200.00,,,,,"",0.0,,0,deny,gift_card,200.00,,false,false,,,,,,,,,,,,,,,,,,,,,,lb,,,
gift-cards,,,,,,,,£250.00,,,,,"",0.0,,0,deny,gift_card,250.00,,false,false,,,,,,,,,,,,,,,,,,,,,,lb,,,
gift-card,The Special Gift  Card,"<p>Shopping for someone else but not sure what to give them?<br>Give them the gift of choice with a La Sororité gift card.</p>
<p>Gift cards are delivered by email and contain instructions to redeem them at checkout.<br>Our gift cards have no additional processing fees.</p>
",La Sororité,Gift Card,"",false,Title,£10.00 GBP,,,,,"",0.0,,0,continue,gift_card,10.00,,false,false,,https://cdn.shopify.com/s/files/1/0076/4159/5962/products/e38bd83af578077b65a31424bd24d085.png?v=1590497407,1,,true,,,,,,,,,,,,,,,,,lb,,,active
gift-card,,,,,,,,£25.00 GBP,,,,,"",0.0,,0,continue,gift_card,25.00,,false,false,,,,,,,,,,,,,,,,,,,,,,lb,,,
gift-card,,,,,,,,£50.00 GBP,,,,,"",0.0,,0,continue,gift_card,50.00,,false,false,,,,,,,,,,,,,,,,,,,,,,lb,,,
gift-card,,,,,,,,£100.00 GBP,,,,,"",0.0,,0,continue,gift_card,100.00,,false,false,,,,,,,,,,,,,,,,,,,,,,lb,,,
sweater-vest,The Vera Vest,"<div style=""text-align: center;""><span style=""color: #9c8716;""><strong>PRE-ORDER NOW AND RECEIVE YOUR JUMPER IN 2 WEEKS.</strong></span></div>
<div style=""text-align: center;""><span style=""color: #ffffff;""><strong>h</strong></span></div>
<div class=""p1"" style=""text-align: center;""><span class=""s1"">The Vera crew neck cashmere vest is crafted by hand using the finest high-grade Nepalese cashmere. This sleeveless sweater vest is ideal for transitioning between the seasons and can be layered over shirts and tees or worn as a standalone top. Its thickness makes it supremely warm and the soft chalk hue will go with just about everything. The vest features a ribbed trim tracing the neckline, shoulders and hem, giving it a smart finish. We love it layered over a printed shirt or navy t-shirt.</span></div>
<div class=""p1"" style=""text-align: center;""><span style=""color: #000000;""><span><br><meta charset=""utf-8"">All of our packaging is bio-degradable and eco-friendly.<br></span></span></div>
<div class=""p1"" style=""text-align: center;""><span style=""color: #ffffff;"">h</span></div>
<div style=""text-align: center;""><meta charset=""UTF-8""></div>
<div style=""text-align: center;""><span style=""color: #000000;""><span><span style=""color: #9c8716;""><strong><span style=""text-decoration: underline;""><a href=""https://www.lasororite.com/pages/size-guide"" style=""color: #9c8716; text-decoration: underline;"">S</a>IZE<a href=""https://www.lasororite.com/pages/size-guide"" style=""color: #9c8716; text-decoration: underline;""> G</a>UIDE</span></strong></span></span></span></div>",La Sororité,"","",true,Size,XS,,,,,"",0.0,shopify,4,deny,manual,115.00,,true,true,"",https://cdn.shopify.com/s/files/1/0076/4159/5962/products/image_6514d44d-4e32-4d84-90e6-765dd7d0aac4.jpg?v=1602612903,1,,false,The Vera Vest | Women's White Cashmere Sweater Vest | La Sororité,"The Vera crew neck vest is made from finest high-grade Nepalese cashmere. This white sleeveless sweater can be layered over shirts and tees or worn as a standalone top. Cashmere is thicker than Merino wool making it the perfect thermal wear. Buy now and keep yourself warm with this soft, fluffy western ladies vest.",,,,,,,,,,,,,,,lb,,,active
sweater-vest,,,,,,,,S,,,,,"",0.0,shopify,5,deny,manual,115.00,,true,true,"",https://cdn.shopify.com/s/files/1/0076/4159/5962/products/image_73d2e6f6-7380-48c6-ac8b-bc84905edfd1.jpg?v=1603578444,2,,,,,,,,,,,,,,,,,,,lb,,,
sweater-vest,,,,,,,,M,,,,,"",0.0,shopify,5,deny,manual,115.00,,true,true,"",https://cdn.shopify.com/s/files/1/0076/4159/5962/products/image_605cebc9-d4ab-4065-b097-927738464441.jpg?v=1603578444,3,,,,,,,,,,,,,,,,,,,lb,,,
sweater-vest,,,,,,,,L,,,,,"",0.0,shopify,5,deny,manual,115.00,,true,true,"",,,,,,,,,,,,,,,,,,,,,lb,,,
